D:\userApp\tablacus\addons	1528681573727
D:\userApp\tablacus	1528681572578
D:\userApp	1528681317820
D:\userApp\office2016	1528681311072
D:\360安全浏览器下载	1528681307676
D:\userApp\ao\videoPlayer-1.0.1\BOOT-INF\classes\static\videos	1528681281683
D:\userApp\tablacus\addons\sizestatus	1528681164493
D:\git\config	1528681041227
D:\git	1528681028410
D:\git\autoHotkey	1528680806294
D:\userApp\TranslucentTB	1528680653508
D:\git\resources	1528680567190
D:\git\resources\.git\objects	1528680543487
D:\git\resources\.git	1528680541947
D:\git\resources\.git\objects\b3	1528680538678
D:\git\develop-tools\dist\electron-mat\Quasar App-win32-x64	1528679599069
D:\git\develop-tools\dist\electron-mat	1528679595388
D:\git\develop-tools\dist	1528679593410
D:\git\develop-tools	1528679590446
C:\Users\Administrator\Documents\Rainmeter\Skins\rainmeter\Network	1528677609110
C:\Users\Administrator\Desktop\html	1528677428616
D:\git\config\chrome-extension	1528627230811
D:\git\config\service	1528627163850
D:\git\Config	1528626781088
D:\git\resources\config	1528626732687
D:\git\AutoHotkey	1528626619140
D:\git\resources\autohotkey	1528626612313
C:\Users\Administrator\Desktop	1528626609493
D:\git\resources\window-reg	1528626561179
D:\git\resources\chrome-extension	1528626519132
es:*.crx path:D:\git\resources\chrome-extension\	1528626518406
es:*.crx	1528626466277
D:\userApp\tablacus\addons\everything	1528626394977
D:\git\videoPlayer	1528616604993
D:\	1528616600646
D:\360安全浏览器下载\proxyee-down-2.54-windows	1528616593999
E:\KuGou	1528616581316
E:\	1528616532418
17	1528616531250
D:\kugou	1528616507695
D:\repositories	1528616489922
D:\repositories\com\cweijan\test\1.2.4	1528616486890
D:\repositories\com\cweijan\test	1528616086424
D:\repositories\com\cweijan\test\1.2.3	1528616084943
D:\repositories\com\cweijan\test\test	1528616077835
D:\repositories\com\cweijan	1528616073713
D:\repositories\com\cweijan\test\test\1.0.1	1528615961702
D:\repositories\com	1528615871919
D:\nginx-1.14.0	1528615864532
D:\git\resources\chrome-extension\theme	1528614731908
D:\git\resources\autohotkey\quickSwitcher	1528614461685
D:\git\resources\config\service	1528614436156
D:\git\自考	1528614345444
D:\git\参考	1528614343984
D:\git\resources\参考	1528614334311
D:\userApp\cmder_mini	1528613080736
D:\userApp\Adobe Photoshop CS6	1528613079279
D:\userApp\Data	1528613078022
D:\userApp\Fish-v321	1528613074963
D:\userApp\XX-Net-3.11.10	1528613073259
D:\userApp\proxy	1528613059153
D:\userApp\SQLyog	1528613055436
D:\userApp\users	1528613047346
D:\userApp\离线下载	1528613039408
D:\360安全浏览器下载\proxyee-down-2.54-windows\main\ssl	1528604058098
D:\360安全浏览器下载\proxyee-down-2.54-windows\main	1528604057103
D:\360安全浏览器下载\proxyee-down-2.54-windows\main\plugs	1528604056273
D:\360安全浏览器下载\proxyee-down-2.54-windows\jre1.8.0_162	1528604052554
D:\360安全浏览器下载\proxyee-down-2.54-windows\main\log	1528604042482
D:\360安全浏览器下载\proxyee-down-2.54-windows\jre1.8.0_162\lib	1528604037101
D:\360安全浏览器下载\proxyee-down-2.54-windows\jre1.8.0_162\bin	1528604034057
D:\git\proxy\build	1528565146936
D:\git\proxy	1528565144477
D:\userApp\TableGo	1528565122727
D:\userApp\TableGo\logs	1528565121992
D:\userApp\TableGo\ftl	1528565115296
D:\git\resources\generator	1528565103151
D:\userApp\SecureCRSecureFXPortable64	1528564809561
D:\userApp\tablacus\addons\simpletoolbar	1528564310153
D:\360安全浏览器下载\新建文件夹	1528563832244
C:\Users\Administrator\AppData\Roaming\Microsoft\Windows\Recent	1528563602631
D:\qq\files	1528563027636
D:\360	1525073590464
D:\360\fscapture8.9.zip	1525073589757
D:\360\fscapture8.9.zip\169	1525073586380
